{"expected_shd": 1.741, "expected_edges": 2.438, "fpr": [0.0, 0.0, 0.16666666666666666, 0.16666666666666666, 0.5, 1.0], "tpr": [0.0, 0.3333333333333333, 0.3333333333333333, 1.0, 1.0, 1.0], "roc_auc": 0.888888888888889, "precision": [0.3333333333333333, 0.5, 0.6, 0.75, 0.6666666666666666, 0.5, 1.0, 1.0], "recall": [1.0, 1.0, 1.0, 1.0, 0.6666666666666666, 0.3333333333333333, 0.3333333333333333, 0.0], "prc_auc": 0.7638888888888888, "ave_prec": 0.8055555555555556}